{
       "levels": [
        {
            "levelNumber": 1,
            "maxScore": 200,
            "speed": 1,
            "description": "Ak si pripravený na hru, stlač tlačítko."
        },
        {
            "levelNumber": 2,
            "maxScore": 300,
            "speed": 2.5,
            "description": "Pozor! Objekty budú padať rýchlejšie"
        },
        {
            "levelNumber": 3,
            "maxScore": 300,
            "speed": 1.5,
            "description": "Pozor, nový typ objektov! V tomto kole pribudnú objekty ktoré bude treba podliezť."
        },
        {
            "levelNumber": 4,
            "maxScore": 300,
            "speed": 1.5,
            "description": "Pozor, nový typ objektov! V tomto kole pribudnú objekty ktoré bude treba preskočiť."
        },
        {
            "levelNumber": 5,
            "maxScore": 500,
            "speed": 2,
            "description": "Pozor, si v poslednom kole! V tomto kole sa bude treba vyhnúť všetkým typom objektov."
        }
    ]
}
