{
    "images": [
      {
        "name": "Batizovské pleso 1",
        "description": "Batizovské pleso pred vrcholom Končistá",
        "url": "./images/Batizovskepleso1.jpg",
        "timestamp": "2023-10-14",
        "time": "11:23",
        "lat": "49.151",
        "lng": "20.131"
      },
      {
        "name": "Batizovské pleso 2",
        "description": "Batizovské pleso fotka na vrchol Končistá",
        "url": "./images/Batizovskepleso2.jpg",
        "timestamp": "2023-10-14",
        "time": "11:50",
        "lat": "49.151",
        "lng": "20.131"
      },
      {
        "name": "Batizovské pleso 3",
        "description": "Batizovské pleso pred vrcholom Končistá",
        "url": "./images/Batizovskepleso3.jpg",
        "timestamp": "2023-10-14",
        "time": "10:30",
        "lat": "49.151",
        "lng": "20.131"
      },
      {
        "name": "Brestova 1",
        "description": "Pohľad na Západné Tatry z Brestovej",
        "url": "./images/Brestova1.jpg",
        "timestamp": "2022-10-29",
        "time": "10:21",
        "lat": "49.223",
        "lng": "19.682"
      },
      {
        "name": "Brestova 2",
        "description": "Pohľad na Západné Tatry z Brestovej",
        "url": "./images/Brestova2.jpg",
        "timestamp": "2022-10-29",
        "time": "11:01",
        "lat": "49.223",
        "lng": "19.682"
      },
      {
        "name": "Tatliakovo pleso 1",
        "description": "Tatliakovo pleso v zimnom ročnom období",
        "url": "./images/TatliakovoPleso1.jpg",
        "timestamp": "2022-11-12",
        "time": "14:59",
        "lat": "49.213",
        "lng": "19.748"
      },
      {
        "name": "Veľké Borové 1",
        "description": "Veľké Borové pri Kvačianskej doline",
        "url": "./images/Velkeborove1.jpg",
        "timestamp": "2023-10-29",
        "time": "12:33",
        "lat": "49.203",
        "lng": "19.560"
      },
      {
        "name": "Veľké Borové 2",
        "description": "Veľké Borové vyhliadková veža",
        "url": "./images/Velkeborove2.jpg",
        "timestamp": "2023-10-29",
        "time": "13:02",
        "lat": "49.203",
        "lng": "19.560"
      },
      {
        "name": "Žabie plesá 1",
        "description": "Žabie plesá vo Vysokých Tatrách v Mengusovskej doline",
        "url": "./images/Zabieplesa1.jpg",
        "timestamp": "2022-9-9",
        "time": "10:50",
        "lat": "49.171",
        "lng": "20.079"
      },
      {
        "name": "Žabie plesá 2",
        "description": "Žabie plesá vo Vysokých Tatrách v Mengusovskej doline",
        "url": "./images/Zabieplesa2.jpg",
        "timestamp": "2022-9-9",
        "time": "11:08",
        "lat": "49.171",
        "lng": "20.079"
      }
    ]
  }